RunNumber,BeamEnergy,GearGeoFile
621,4.6,gear_totem_dut
622,4.6,gear_totem_dut
623,4.6,gear_totem_dut
624,4.6,gear_totem_dut
625,4.6,gear_totem_dut
626,4.6,gear_totem_dut
627,4.6,gear_totem_dut
628,4.6,gear_totem_dut
629,4.6,gear_totem_dut
630,4.6,gear_totem_dut
631,4.6,gear_totem_dut
636,4.6,gear_totem_dut
637,4.6,gear_totem_dut
638,4.6,gear_totem_dut
639,4.6,gear_totem_dut
640,4.6,gear_totem_dut
641,4.6,gear_totem_dut
642,4.6,gear_totem_dut
643,4.6,gear_totem_dut
646,4.6,gear_totem_dut
648,4.6,gear_totem_dut
650,4.6,gear_totem_dut
651,4.6,gear_totem_dut
658,4.6,gear_totem_dut
659,4.6,gear_totem_dut
660,4.6,gear_totem_dut
661,4.6,gear_totem_dut
662,4.6,gear_totem_dut
663,4.6,gear_totem_dut
664,4.6,gear_totem_dut
665,4.6,gear_totem_dut
666,4.6,gear_totem_dut
667,4.6,gear_totem_dut
668,4.6,gear_totem_dut
669,4.6,gear_totem_dut
